{
    "a3b5c8d7-9e0f-4a6b-8c2d-3e4f5a6b7c8d": {
        "candidate_name": "erfvsfdg",
        "date": "2025-02-21",
        "time": "13:00",
        "interviewers": [
            "Sneha",
            "Syed"
        ]
    },
    "d6e7f8a9-b0c1-2d3e-4f5a-6b7c8d9e0f1a": {
        "candidate_name": "egregwerger",
        "date": "2025-02-06",
        "time": "11:33",
        "interviewers": [
            "Vinod",
            "Pramod",
            "Sid"
        ]
    },
    "f0a1b2c3-d4e5-6f7a-8b9c-0d1e2f3a4b5c": {
        "candidate_name": "Hardik",
        "date": "2025-02-06",
        "time": "10:33",
        "interviewers": [
            "Vinod",
            "Pramod",
            "Sid",
            "Syed"
        ]
    }
}