[
    {
        "jobTitle": "",
        "department": "",
        "reportsTo": "",
        "location": "",
        "jobType": "Full-time",
        "aboutRole": "",
        "responsibilities": [
            ""
        ],
        "qualifications": {
            "education": "",
            "experience": [
                ""
            ],
            "skills": [
                "Java"
            ]
        },
        "id": "f9e97610-67fa-4c2f-89dc-3d6af1151608"
    },
    {
        "jobTitle": "",
        "department": "",
        "reportsTo": "",
        "location": "",
        "jobType": "Full-time",
        "aboutRole": "",
        "responsibilities": [
            ""
        ],
        "qualifications": {
            "education": "",
            "experience": [
                ""
            ],
            "skills": {
                "negotiable": [
                    "Python",
                    "Pyspark"
                ],
                "nonNegotiable": [],
                "optional": []
            }
        },
        "id": "45dd355c-67b1-47cf-9fef-ea3954ca4196"
    },
    {
        "jobTitle": "fdgd",
        "department": "dfgdsfg",
        "reportsTo": "fdsgfdg",
        "location": "fdsgdsfg",
        "jobType": "Full-time",
        "aboutRole": "dfsgdsfg",
        "responsibilities": [
            "fdhgrthsty"
        ],
        "qualifications": {
            "education": "tjrytbrhyt",
            "experience": [
                "ytjrtnjytnjrty"
            ],
            "skills": {
                "negotiable": [
                    "Python",
                    "Pyspark"
                ],
                "nonNegotiable": [
                    "AWS"
                ],
                "optional": [
                    "Kubernetes"
                ]
            }
        },
        "id": "e9018966-8ae3-40f6-832f-5038c7d61157"
    },
    {
        "jobTitle": "",
        "department": "",
        "reportsTo": "",
        "location": "",
        "jobType": "Full-time",
        "aboutRole": "",
        "responsibilities": [
            ""
        ],
        "qualifications": {
            "education": "",
            "experience": [
                ""
            ],
            "skills": {
                "negotiable": [
                    "Python"
                ],
                "nonNegotiable": [
                    "Pyspark"
                ],
                "optional": [
                    "Python"
                ]
            }
        },
        "id": "7000a01e-5ae4-40b7-98cf-3e2234c65424"
    },
    {
        "jobTitle": "ergesrg",
        "department": "fdsgsdfg",
        "reportsTo": "fdsgsdfhg",
        "location": "gfhfghdg",
        "jobType": "Part-time",
        "aboutRole": "hgfhdgd",
        "responsibilities": [
            "fghdh"
        ],
        "qualifications": {
            "education": "fghnfdg",
            "experience": [
                "fgndhfndhgngh"
            ],
            "skills": {
                "negotiable": [
                    "Python"
                ],
                "nonNegotiable": [
                    "Pyspark"
                ],
                "optional": [
                    "Python"
                ]
            }
        },
        "id": "8211166f-0767-4335-b0c2-1b115c904bc1"
    },
    {
        "jobTitle": "fgjhgj",
        "department": "fdghj",
        "reportsTo": "fdsgsdfhg",
        "location": "gfhgjfkujiuyk",
        "jobType": "Contract",
        "aboutRole": "hgfhdgd",
        "responsibilities": [
            "fghdh"
        ],
        "qualifications": {
            "education": "fghnfdg",
            "experience": [
                "fgndhfndhgngh"
            ],
            "skills": {
                "negotiable": [
                    "Python",
                    "Docker"
                ],
                "nonNegotiable": [
                    "Pyspark",
                    "Docker"
                ],
                "optional": [
                    "Python"
                ]
            }
        },
        "id": "f580bb18-7bc5-4506-9666-868e26139ec5"
    }
]