[
    {
        "id": "e58ce7e8-9940-4444-ad2b-a298c1937d0d",
        "candidateName": "sdfs",
        "jobId": "e9018966-8ae3-40f6-832f-5038c7d61157",
        "notes": "dsafasdf",
        "filePath": "resumes\\front-end-developer-resume-example.pdf"
    },
    {
        "id": "0d02d7a7-0203-4418-b4d0-5c5a5c0b2c9f",
        "candidateName": "Hardik",
        "jobId": "7000a01e-5ae4-40b7-98cf-3e2234c65424",
        "notes": "eafdfs",
        "filePath": "resumes\\full-stack-developer-resume-example.pdf"
    },
    {
        "id": "6bdbd6f8-7071-4cb6-a6fb-0ea255da1636",
        "candidateName": "Aditya",
        "jobId": "f9e97610-67fa-4c2f-89dc-3d6af1151608",
        "notes": "iuk,myuik",
        "filePath": "resumes\\front-end-developer-resume-example.pdf"
    },
    {
        "id": "cb44ed6d-8177-4df6-81ea-96aa877608fc",
        "candidateName": "Pooja",
        "jobId": "f580bb18-7bc5-4506-9666-868e26139ec5",
        "notes": "iuk,myuikhgjfj hgjhhghg",
        "filePath": "resumes\\front-end-developer-resume-example.pdf"
    },
    {
        "id": "34aa9720-82da-432e-b89a-5667b37e7850",
        "candidateName": "Sneha",
        "jobId": "45dd355c-67b1-47cf-9fef-ea3954ca4196",
        "notes": "reoliufwyheiobvyrgpiohrdsg",
        "filePath": "resumes\\data-engineer-resume-example.pdf"
    }
]